"2018-06-09 00:00:00","A","2018-05-20 12:44:00","AC1","2","Sparkfun","SEN-08942","STC1","1.310"
"2018-06-09 00:00:00","H","2018-05-20 12:47:00","TH1h","5","Aosong","DHT22","STC1","96.000"
"2018-06-09 00:00:00","T","2018-05-20 12:47:00","TH1t","4","Aosong","DHT22","STC1","12.300"
"2018-06-09 00:00:00","V","2018-05-20 12:44:00","VV1","1","Sparkfun","SEN-08942","STC1","227.300"
"2018-06-09 1:00:00","A","2018-05-20 12:44:00","AC1","2","Sparkfun","SEN-08942","STC1","1.000"
"2018-06-09 1:00:00","H","2018-05-20 12:47:00","TH1h","5","Aosong","DHT22","STC1","98.200"
"2018-06-09 1:00:00","T","2018-05-20 12:47:00","TH1t","4","Aosong","DHT22","STC1","12.800"
"2018-06-09 1:00:00","V","2018-05-20 12:44:00","VV1","1","Sparkfun","SEN-08942","STC1","227.300"
"2018-06-09 2:00:00","A","2018-05-20 12:44:00","AC1","2","Sparkfun","SEN-08942","STC1","0.000"
"2018-06-09 2:00:00","H","2018-05-20 12:47:00","TH1h","5","Aosong","DHT22","STC1","90.000"
"2018-06-09 2:00:00","T","2018-05-20 12:47:00","TH1t","4","Aosong","DHT22","STC1","12.800"
"2018-06-09 2:00:00","V","2018-05-20 12:44:00","VV1","1","Sparkfun","SEN-08942","STC1","240.300"
"2018-06-09 3:00:00","A","2018-05-20 12:44:00","AC1","2","Sparkfun","SEN-08942","STC1","0.950"
"2018-06-09 3:00:00","H","2018-05-20 12:47:00","TH1h","5","Aosong","DHT22","STC1","83.000"
"2018-06-09 3:00:00","T","2018-05-20 12:47:00","TH1t","4","Aosong","DHT22","STC1","12.900"
"2018-06-09 3:00:00","V","2018-05-20 12:44:00","VV1","1","Sparkfun","SEN-08942","STC1","225.100"
"2018-06-09 4:00:00","A","2018-05-20 12:44:00","AC1","2","Sparkfun","SEN-08942","STC1","1.910"
"2018-06-09 4:00:00","H","2018-05-20 12:47:00","TH1h","5","Aosong","DHT22","STC1","80.900"
"2018-06-09 4:00:00","T","2018-05-20 12:47:00","TH1t","4","Aosong","DHT22","STC1","12.000"
"2018-06-09 4:00:00","V","2018-05-20 12:44:00","VV1","1","Sparkfun","SEN-08942","STC1","200.000"
"2018-06-09 5:00:00","A","2018-05-20 12:44:00","AC1","2","Sparkfun","SEN-08942","STC1","0.950"
"2018-06-09 5:00:00","H","2018-05-20 12:47:00","TH1h","5","Aosong","DHT22","STC1","84.500"
"2018-06-09 5:00:00","T","2018-05-20 12:47:00","TH1t","4","Aosong","DHT22","STC1","12.800"
"2018-06-09 5:00:00","V","2018-05-20 12:44:00","VV1","1","Sparkfun","SEN-08942","STC1","338.000"
"2018-06-09 6:00:00","A","2018-05-20 12:44:00","AC1","2","Sparkfun","SEN-08942","STC1","0.950"
"2018-06-09 6:00:00","H","2018-05-20 12:47:00","TH1h","5","Aosong","DHT22","STC1","74.200"
"2018-06-09 6:00:00","T","2018-05-20 12:47:00","TH1t","4","Aosong","DHT22","STC1","12.000"
"2018-06-09 6:00:00","V","2018-05-20 12:44:00","VV1","1","Sparkfun","SEN-08942","STC1","300.000"
"2018-06-09 7:00:00","A","2018-05-20 12:44:00","AC1","2","Sparkfun","SEN-08942","STC1","0.050"
"2018-06-09 7:00:00","H","2018-05-20 12:47:00","TH1h","5","Aosong","DHT22","STC1","70.600"
"2018-06-09 7:00:00","T","2018-05-20 12:47:00","TH1t","4","Aosong","DHT22","STC1","14.300"
"2018-06-09 7:00:00","V","2018-05-20 12:44:00","VV1","1","Sparkfun","SEN-08942","STC1","338.000"
"2018-06-09 8:00:00","A","2018-05-20 12:44:00","AC1","2","Sparkfun","SEN-08942","STC1","2.950"
"2018-06-09 8:00:00","H","2018-05-20 12:47:00","TH1h","5","Aosong","DHT22","STC1","66.500"
"2018-06-09 8:00:00","T","2018-05-20 12:47:00","TH1t","4","Aosong","DHT22","STC1","13.300"
"2018-06-09 8:00:00","V","2018-05-20 12:44:00","VV1","1","Sparkfun","SEN-08942","STC1","227.300"
"2018-06-09 9:00:00","A","2018-05-20 12:44:00","AC1","2","Sparkfun","SEN-08942","STC1","1.250"
"2018-06-09 9:00:00","H","2018-05-20 12:47:00","TH1h","5","Aosong","DHT22","STC1","65.400"
"2018-06-09 9:00:00","T","2018-05-20 12:47:00","TH1t","4","Aosong","DHT22","STC1","15.300"
"2018-06-09 9:00:00","V","2018-05-20 12:44:00","VV1","1","Sparkfun","SEN-08942","STC1","210.000"
"2018-06-09 10:00:00","A","2018-05-20 12:44:00","AC1","2","Sparkfun","SEN-08942","STC1","1.010"
"2018-06-09 10:00:00","H","2018-05-20 12:47:00","TH1h","5","Aosong","DHT22","STC1","29.400"
"2018-06-09 10:00:00","T","2018-05-20 12:47:00","TH1t","4","Aosong","DHT22","STC1","16.700"
"2018-06-09 10:00:00","V","2018-05-20 12:44:00","VV1","1","Sparkfun","SEN-08942","STC1","190.000"
"2018-06-09 11:00:00","A","2018-05-20 12:44:00","AC1","2","Sparkfun","SEN-08942","STC1","2.860"
"2018-06-09 11:00:00","H","2018-05-20 12:47:00","TH1h","5","Aosong","DHT22","STC1","50.500"
"2018-06-09 11:00:00","T","2018-05-20 12:47:00","TH1t","4","Aosong","DHT22","STC1","17.800"
"2018-06-09 11:00:00","V","2018-05-20 12:44:00","VV1","1","Sparkfun","SEN-08942","STC1","227.000"
"2018-06-09 12:00:00","A","2018-05-20 12:44:00","AC1","2","Sparkfun","SEN-08942","STC1","4.640"
"2018-06-09 12:00:00","H","2018-05-20 12:47:00","TH1h","5","Aosong","DHT22","STC1","46.500"
"2018-06-09 12:00:00","T","2018-05-20 12:47:00","TH1t","4","Aosong","DHT22","STC1","20.800"
"2018-06-09 12:00:00","V","2018-05-20 12:44:00","VV1","1","Sparkfun","SEN-08942","STC1","338.000"
"2018-06-09 13:00:00","A","2018-05-20 12:44:00","AC1","2","Sparkfun","SEN-08942","STC1","10.500"
"2018-06-09 13:00:00","H","2018-05-20 12:47:00","TH1h","5","Aosong","DHT22","STC1","40.000"
"2018-06-09 13:00:00","T","2018-05-20 12:47:00","TH1t","4","Aosong","DHT22","STC1","21.500"
"2018-06-09 13:00:00","V","2018-05-20 12:44:00","VV1","1","Sparkfun","SEN-08942","STC1","337.000"
"2018-06-09 14:00:00","A","2018-05-20 12:44:00","AC1","2","Sparkfun","SEN-08942","STC1","8.590"
"2018-06-09 14:00:00","H","2018-05-20 12:47:00","TH1h","5","Aosong","DHT22","STC1","42.700"
"2018-06-09 14:00:00","T","2018-05-20 12:47:00","TH1t","4","Aosong","DHT22","STC1","23.200"
"2018-06-09 14:00:00","V","2018-05-20 12:44:00","VV1","1","Sparkfun","SEN-08942","STC1","332.000"
"2018-06-09 15:00:00","A","2018-05-20 12:44:00","AC1","2","Sparkfun","SEN-08942","STC1","4.770"
"2018-06-09 15:00:00","H","2018-05-20 12:47:00","TH1h","5","Aosong","DHT22","STC1","40.800"
"2018-06-09 15:00:00","T","2018-05-20 12:47:00","TH1t","4","Aosong","DHT22","STC1","25.200"
"2018-06-09 15:00:00","V","2018-05-20 12:44:00","VV1","1","Sparkfun","SEN-08942","STC1","337.000"
"2018-06-09 16:00:00","A","2018-05-20 12:44:00","AC1","2","Sparkfun","SEN-08942","STC1","2.860"
"2018-06-09 16:00:00","H","2018-05-20 12:47:00","TH1h","5","Aosong","DHT22","STC1","36.400"
"2018-06-09 16:00:00","T","2018-05-20 12:47:00","TH1t","4","Aosong","DHT22","STC1","24.200"
"2018-06-09 16:00:00","V","2018-05-20 12:44:00","VV1","1","Sparkfun","SEN-08942","STC1","360.000"
"2018-06-09 17:00:00","A","2018-05-20 12:44:00","AC1","2","Sparkfun","SEN-08942","STC1","6.680"
"2018-06-09 17:00:00","H","2018-05-20 12:47:00","TH1h","5","Aosong","DHT22","STC1","38.00"
"2018-06-09 17:00:00","T","2018-05-20 12:47:00","TH1t","4","Aosong","DHT22","STC1","24.200"
"2018-06-09 17:00:00","V","2018-05-20 12:44:00","VV1","1","Sparkfun","SEN-08942","STC1","338.000"
"2018-06-09 18:00:00","A","2018-05-20 12:44:00","AC1","2","Sparkfun","SEN-08942","STC1","8.590"
"2018-06-09 18:00:00","H","2018-05-20 12:47:00","TH1h","5","Aosong","DHT22","STC1","40.000"
"2018-06-09 18:00:00","T","2018-05-20 12:47:00","TH1t","4","Aosong","DHT22","STC1","22.00"
"2018-06-09 18:00:00","V","2018-05-20 12:44:00","VV1","1","Sparkfun","SEN-08942","STC1","342.000"
"2018-06-09 19:00:00","A","2018-05-20 12:44:00","AC1","2","Sparkfun","SEN-08942","STC1","5.730"
"2018-06-09 19:00:00","H","2018-05-20 12:47:00","TH1h","5","Aosong","DHT22","STC1","45.600"
"2018-06-09 19:00:00","T","2018-05-20 12:47:00","TH1t","4","Aosong","DHT22","STC1","20.200"
"2018-06-09 19:00:00","V","2018-05-20 12:44:00","VV1","1","Sparkfun","SEN-08942","STC1","270.000"
"2018-06-09 20:00:00","A","2018-05-20 12:44:00","AC1","2","Sparkfun","SEN-08942","STC1","2.860"
"2018-06-09 20:00:00","H","2018-05-20 12:47:00","TH1h","5","Aosong","DHT22","STC1","50.900"
"2018-06-09 20:00:00","T","2018-05-20 12:47:00","TH1t","4","Aosong","DHT22","STC1","18.200"
"2018-06-09 20:00:00","V","2018-05-20 12:44:00","VV1","1","Sparkfun","SEN-08942","STC1","225.000"
"2018-06-09 21:00:00","A","2018-05-20 12:44:00","AC1","2","Sparkfun","SEN-08942","STC1","3.820"
"2018-06-09 21:00:00","H","2018-05-20 12:47:00","TH1h","5","Aosong","DHT22","STC1","72.100"
"2018-06-09 21:00:00","T","2018-05-20 12:47:00","TH1t","4","Aosong","DHT22","STC1","18.200"
"2018-06-09 21:00:00","V","2018-05-20 12:44:00","VV1","1","Sparkfun","SEN-08942","STC1","204.3000"
"2018-06-09 22:00:00","A","2018-05-20 12:44:00","AC1","2","Sparkfun","SEN-08942","STC1","1.910"
"2018-06-09 22:00:00","H","2018-05-20 12:47:00","TH1h","5","Aosong","DHT22","STC1","88.400"
"2018-06-09 22:00:00","T","2018-05-20 12:47:00","TH1t","4","Aosong","DHT22","STC1","18.200"
"2018-06-09 22:00:00","V","2018-05-20 12:44:00","VV1","1","Sparkfun","SEN-08942","STC1","204.000"
"2018-06-09 23:00:00","A","2018-05-20 12:44:00","AC1","2","Sparkfun","SEN-08942","STC1","6.680"
"2018-06-09 23:00:00","H","2018-05-20 12:47:00","TH1h","5","Aosong","DHT22","STC1","91.000"
"2018-06-09 23:00:00","T","2018-05-20 12:47:00","TH1t","4","Aosong","DHT22","STC1","18.200"
"2018-06-09 23:00:00","V","2018-05-20 12:44:00","VV1","1","Sparkfun","SEN-08942","STC1","204.000"